row_label,applicant,enrolled,lead,not_a_lead,blank,grand_total,l2a,l2e,badleads
Source 30,,,18,,,18,0,0,0
Source 35,,,348,,,348,0,0,0
Source 46,1,,95,4,,100,0.01,0,0.04
Source 58,2,,521,4,,527,0.003795066413662239,0,0.007590132827324478
Source 60,,,3,,,3,0,0,0
Source 68,1,,75,,,76,0.013157894736842105,0,0
Source 72,,,10,,,10,0,0,0
Source 80,2,2,93,4,,101,0.019801980198019802,0.019801980198019802,0.039603960396039604
Source 81,1,,105,8,,114,0.008771929824561403,0,0.07017543859649122
